{
  "baseline": {
    "model_size_mb": 255.5693712234497,
    "total_params": 66985530.0,
    "cold_start_ms": 15.93464300094638,
    "latency_len_8_ms": 11.809911570089753,
    "latency_len_13_ms": 15.296392480231589,
    "latency_len_31_ms": 18.79786660996615,
    "throughput_samples_per_sec": 94.11462784747974,
    "peak_memory_mb": 62.70703125,
    "mlm_eval_loss": 6.7903690452575685,
    "distill_eval_loss": 7.74050579162045,
    "cosine_eval_loss": 0.280041464962951,
    "full_pass_time_s_cpu_bs1": 52.287593836997985,
    "imdb_test_accuracy": 1.0,
    "squad11_dev_em": 0.077,
    "squad11_dev_f1": 0.13163235659794958
  },
  "quantized": {
    "model_size_mb": 154.76640605926514,
    "total_params": 23855616.0,
    "cold_start_ms": 30.627492000348866,
    "latency_len_8_ms": 8.102891689995886,
    "latency_len_13_ms": 8.600214350226452,
    "latency_len_31_ms": 11.78983830017387,
    "throughput_samples_per_sec": 132.49615083388565,
    "peak_memory_mb": 1.25,
    "mlm_eval_loss": 6.768011734008789,
    "distill_eval_loss": 8.060318743312171,
    "cosine_eval_loss": 0.2838385938659315,
    "full_pass_time_s_cpu_bs1": 41.89617241200176,
    "imdb_test_accuracy": null,
    "squad11_dev_em": null,
    "squad11_dev_f1": null
  },
  "pruned": {
    "model_size_mb": 255.5693712234497,
    "total_params": 66985530.0,
    "cold_start_ms": 14.560183000867255,
    "latency_len_8_ms": 11.760110020186403,
    "latency_len_13_ms": 15.383555439984775,
    "latency_len_31_ms": 18.055313960430794,
    "throughput_samples_per_sec": 81.6873067351689,
    "peak_memory_mb": 0.2890625,
    "mlm_eval_loss": 6.847220512390137,
    "distill_eval_loss": 7.969848624779552,
    "cosine_eval_loss": 0.2880919372747778,
    "full_pass_time_s_cpu_bs1": 52.3875913869997,
    "imdb_test_accuracy": 1.0,
    "squad11_dev_em": 0.076,
    "squad11_dev_f1": 0.13336383310815816
  },
  "combined": {
    "model_size_mb": 154.76640605926514,
    "total_params": 23855616.0,
    "cold_start_ms": 11.440292997576762,
    "latency_len_8_ms": 9.232259700220311,
    "latency_len_13_ms": 8.69597879027424,
    "latency_len_31_ms": 13.11575937012094,
    "throughput_samples_per_sec": 118.61071494804304,
    "peak_memory_mb": 0.7578125,
    "mlm_eval_loss": 6.962961826324463,
    "distill_eval_loss": 8.169248225422884,
    "cosine_eval_loss": 0.29820586837742286,
    "full_pass_time_s_cpu_bs1": 42.504522210001596,
    "imdb_test_accuracy": null,
    "squad11_dev_em": null,
    "squad11_dev_f1": null
  }
}