{
  "baseline": {
    "model_size_mb": 255.5693712234497,
    "total_params": 66985530.0,
    "cold_start_ms": 15.511147677898407,
    "latency_len_8_ms": 12.021848787553608,
    "latency_len_13_ms": 15.537447668612003,
    "latency_len_31_ms": 17.583289379253983,
    "throughput_samples_per_sec": 82.33171933386788,
    "peak_memory_mb": 60.6953125,
    "mlm_eval_loss": 6.68542890548706,
    "distill_eval_loss": 7.609615354701809,
    "cosine_eval_loss": 0.267865346545112,
    "full_pass_time_s_cpu_bs1": 51.25841562496498,
    "imdb_test_accuracy": 1.0,
    "squad11_dev_em": 0.081,
    "squad11_dev_f1": 0.13756586892813855
  },
  "quantized": {
    "model_size_mb": 154.76640605926514,
    "total_params": 23855616.0,
    "cold_start_ms": 12.149928137660027,
    "latency_len_8_ms": 7.829200956039131,
    "latency_len_13_ms": 7.670316630974412,
    "latency_len_31_ms": 10.39527912158519,
    "throughput_samples_per_sec": 136.39067907929038,
    "peak_memory_mb": 4.0546875,
    "mlm_eval_loss": 6.808314674377441,
    "distill_eval_loss": 7.882696630676058,
    "cosine_eval_loss": 0.2818487549582679,
    "full_pass_time_s_cpu_bs1": 34.18274633027613,
    "imdb_test_accuracy": null,
    "squad11_dev_em": null,
    "squad11_dev_f1": null
  },
  "pruned": {
    "model_size_mb": 255.5693712234497,
    "total_params": 66985530.0,
    "cold_start_ms": 12.650507036596537,
    "latency_len_8_ms": 11.29352386109531,
    "latency_len_13_ms": 14.339668829925358,
    "latency_len_31_ms": 16.896074898540974,
    "throughput_samples_per_sec": 82.82157687361061,
    "peak_memory_mb": 0.41015625,
    "mlm_eval_loss": 6.785908016204834,
    "distill_eval_loss": 7.932384381824221,
    "cosine_eval_loss": 0.2761173544085286,
    "full_pass_time_s_cpu_bs1": 51.54790348093957,
    "imdb_test_accuracy": 1.0,
    "squad11_dev_em": 0.073,
    "squad11_dev_f1": 0.1305154506747946
  },
  "combined": {
    "model_size_mb": 154.76640605926514,
    "total_params": 23855616.0,
    "cold_start_ms": 9.277509059756994,
    "latency_len_8_ms": 7.843436538241804,
    "latency_len_13_ms": 8.520627808757126,
    "latency_len_31_ms": 10.623222016729414,
    "throughput_samples_per_sec": 135.05076743248586,
    "peak_memory_mb": 0.0,
    "mlm_eval_loss": 6.9023941726684575,
    "distill_eval_loss": 8.137691035872528,
    "cosine_eval_loss": 0.28965900856419374,
    "full_pass_time_s_cpu_bs1": 34.02848650375381,
    "imdb_test_accuracy": null,
    "squad11_dev_em": null,
    "squad11_dev_f1": null
  }
}